City_ID,City,Country,Date,Lat,Lng,Max Temp,Humidity,Cloudiness,Wind Speed
0,Rikitea,PF,2021-07-27 22:52:11,-23.1203,-134.9692,74.62,77,100,13.33
1,White Rock,CA,2021-07-27 22:52:11,49.0164,-122.8026,86.74,67,18,3.0
2,Arraial Do Cabo,BR,2021-07-27 22:50:16,-22.9661,-42.0278,78.76,65,0,4.61
3,Tuktoyaktuk,CA,2021-07-27 22:52:11,69.4541,-133.0374,53.6,71,75,8.05
4,Beloha,MG,2021-07-27 22:52:12,-25.1667,45.05,61.95,76,0,13.71
5,Nikolskoye,RU,2021-07-27 22:52:12,59.7035,30.7861,66.4,64,92,4.94
6,Gibara,CU,2021-07-27 22:52:13,21.1097,-76.1317,82.54,81,97,9.71
7,Cape Town,ZA,2021-07-27 22:50:58,-33.9258,18.4232,54.09,83,20,3.0
8,East London,ZA,2021-07-27 22:52:13,-33.0153,27.9116,73.06,25,0,11.81
9,Panama City,PA,2021-07-27 22:52:14,8.9936,-79.5197,82.44,78,20,4.61
10,Hermanus,ZA,2021-07-27 22:52:14,-34.4187,19.2345,55.8,75,88,15.7
11,Busselton,AU,2021-07-27 22:52:15,-33.65,115.3333,46.04,75,100,12.77
12,Stepnoye,RU,2021-07-27 22:52:15,51.4,46.8667,59.67,63,22,4.92
13,Lebu,CL,2021-07-27 22:52:15,-37.6167,-73.65,47.75,78,0,23.06
14,Atuona,PF,2021-07-27 22:52:16,-9.8,-139.0333,78.19,66,15,18.95
15,Lompoc,US,2021-07-27 22:52:16,34.6391,-120.4579,90.79,75,20,13.8
16,Honiara,SB,2021-07-27 22:52:16,-9.4333,159.95,83.84,73,79,8.5
17,Eureka,US,2021-07-27 22:52:17,40.8021,-124.1637,61.41,89,100,1.99
18,Kiama,AU,2021-07-27 22:49:11,-34.6833,150.8667,61.57,47,78,8.01
19,Kashi,CN,2021-07-27 22:52:17,39.4547,75.9797,88.23,30,75,8.95
20,Victoria,HK,2021-07-27 22:49:21,22.2855,114.1577,87.96,90,98,1.01
21,Pangoa,PE,2021-07-27 22:52:18,-12.1167,-73.0,74.21,70,22,2.8
22,Bluff,NZ,2021-07-27 22:52:18,-46.6,168.3333,50.81,70,19,14.85
23,Hvide Sande,DK,2021-07-27 22:52:19,56.0045,8.1294,62.01,89,75,11.99
24,Fort Walton Beach,US,2021-07-27 22:52:19,30.4058,-86.6188,93.85,77,20,10.0
25,Samarai,PG,2021-07-27 22:52:20,-10.6167,150.6667,78.87,86,83,12.95
26,Castro,BR,2021-07-27 22:52:20,-24.7911,-50.0119,48.38,93,100,6.78
27,Albany,US,2021-07-27 22:48:51,42.6001,-73.9662,70.81,89,61,3.0
28,Klaksvik,FO,2021-07-27 22:52:21,62.2266,-6.589,52.72,96,94,9.33
29,Clyde River,CA,2021-07-27 22:52:21,70.4692,-68.5914,52.03,71,75,13.8
30,Salym,RU,2021-07-27 22:52:21,60.0625,71.4789,53.91,97,100,5.86
31,Mashhad,IR,2021-07-27 22:50:03,36.297,59.6062,73.54,33,0,9.22
32,Agapovka,RU,2021-07-27 22:52:22,53.2973,59.1348,56.41,70,68,6.85
33,Quelimane,MZ,2021-07-27 22:52:22,-17.8786,36.8883,63.84,90,35,4.14
34,Puerto Ayora,EC,2021-07-27 22:52:23,-0.7393,-90.3518,80.56,74,10,11.54
35,Saint-Philippe,RE,2021-07-27 22:52:23,-21.3585,55.7679,67.59,87,53,13.33
36,Clarence Town,AU,2021-07-27 22:52:23,-32.5833,151.7833,64.63,52,58,3.69
37,Sokolo,ML,2021-07-27 22:52:24,14.7328,-6.1219,86.65,57,82,8.37
38,Touros,BR,2021-07-27 22:50:58,-5.1989,-35.4608,76.1,83,1,13.02
39,Airai,TL,2021-07-27 22:49:24,-8.9266,125.4092,61.07,62,52,3.69
40,Alcaniz,ES,2021-07-27 22:52:25,41.05,-0.1333,69.42,59,73,3.62
41,Frontignan,FR,2021-07-27 22:52:25,43.4485,3.754,75.99,79,27,3.74
42,Lawton,US,2021-07-27 22:52:25,34.6087,-98.3903,99.07,44,1,5.75
43,Mataura,NZ,2021-07-27 22:52:26,-46.1927,168.8643,50.49,82,47,0.69
44,Kawalu,ID,2021-07-27 22:52:26,-7.3817,108.2082,70.34,92,86,0.63
45,Tiksi,RU,2021-07-27 22:52:27,71.6872,128.8694,39.85,85,47,10.42
46,Honningsvag,NO,2021-07-27 22:52:27,70.9821,25.9704,46.53,89,17,7.58
47,Esperance,AU,2021-07-27 22:52:27,-33.8667,121.9,44.44,79,27,14.56
48,Hithadhoo,MV,2021-07-27 22:52:28,-0.6,73.0833,80.92,78,97,7.78
49,Kapaa,US,2021-07-27 22:52:28,22.0752,-159.319,84.52,75,90,3.0
50,Cidreira,BR,2021-07-27 22:52:28,-30.1811,-50.2056,49.89,48,41,19.64
51,Khatanga,RU,2021-07-27 22:52:29,71.9667,102.5,77.56,55,82,16.35
52,Pevek,RU,2021-07-27 22:52:29,69.7008,170.3133,34.47,94,100,9.55
53,New Norfolk,AU,2021-07-27 22:52:30,-42.7826,147.0587,54.9,75,93,7.92
54,General Roca,AR,2021-07-27 22:52:30,-39.0333,-67.5833,50.4,39,4,9.73
55,Upernavik,GL,2021-07-27 22:49:05,72.7868,-56.1549,49.01,74,100,14.38
56,Srednekolymsk,RU,2021-07-27 22:52:31,67.45,153.6833,38.12,95,100,10.36
57,Fort Dodge,US,2021-07-27 22:52:31,42.4975,-94.168,93.54,55,1,14.97
58,Avarua,CK,2021-07-27 22:52:31,-21.2078,-159.775,77.05,61,91,6.91
59,Grand Gaube,MU,2021-07-27 22:52:32,-20.0064,57.6608,68.38,90,74,5.99
60,Tasiilaq,GL,2021-07-27 22:52:32,65.6145,-37.6368,38.19,79,31,7.81
61,Longyearbyen,SJ,2021-07-27 22:52:32,78.2186,15.6401,43.05,98,100,1.05
62,Bethel,US,2021-07-27 22:48:27,41.3712,-73.414,86.09,65,1,11.5
63,Punta Arenas,CL,2021-07-27 22:52:33,-53.15,-70.9167,42.91,87,75,10.36
64,Ushuaia,AR,2021-07-27 22:50:04,-54.8,-68.3,37.06,93,90,4.61
65,Verkhnyaya Toyma,RU,2021-07-27 22:52:34,62.2349,44.9985,44.22,90,18,3.42
66,Labuan,MY,2021-07-27 22:52:34,5.2767,115.2417,80.96,89,40,3.44
67,Severo-Kurilsk,RU,2021-07-27 22:52:04,50.6789,156.125,57.27,95,100,5.97
68,Kavaratti,IN,2021-07-27 22:52:34,10.5669,72.642,81.23,79,100,19.91
69,Valdivia,CL,2021-07-27 22:52:35,-39.8142,-73.2459,48.29,90,9,3.94
70,Magdagachi,RU,2021-07-27 22:52:35,53.45,125.8,63.59,99,100,5.44
71,Dikson,RU,2021-07-27 22:52:36,73.5069,80.5464,39.22,100,100,17.87
72,Shirokiy,RU,2021-07-27 22:52:36,49.758,129.523,73.81,95,100,8.66
73,Baykit,RU,2021-07-27 22:52:37,61.67,96.37,66.81,86,100,2.91
74,Codrington,AU,2021-07-27 22:52:37,-38.2667,141.9667,49.06,78,35,20.47
75,Wanaka,NZ,2021-07-27 22:52:37,-44.7,169.15,46.11,99,79,1.01
76,Rovaniemi,FI,2021-07-27 22:52:38,66.5,25.7167,63.81,67,0,6.91
77,Morristown,US,2021-07-27 22:52:38,36.214,-83.2949,91.74,59,46,1.3
78,San Patricio,US,2021-07-27 22:52:39,28.017,-97.5169,95.41,46,88,12.73
79,Bozhou,CN,2021-07-27 22:52:39,33.8772,115.7703,73.15,96,100,24.09
80,Waingapu,ID,2021-07-27 22:52:40,-9.6567,120.2641,76.86,78,40,7.34
81,Nanortalik,GL,2021-07-27 22:52:40,60.1432,-45.2371,46.42,76,55,3.85
82,Caravelas,BR,2021-07-27 22:52:40,-17.7125,-39.2481,72.54,84,3,8.34
83,Paamiut,GL,2021-07-27 22:52:41,61.994,-49.6678,44.8,78,11,9.35
84,Avera,US,2021-07-27 22:52:41,33.194,-82.5271,90.91,49,59,1.23
85,Qaanaaq,GL,2021-07-27 22:52:42,77.484,-69.3632,41.77,99,100,5.95
86,Georgetown,MY,2021-07-27 22:49:46,5.4112,100.3354,82.89,87,20,1.99
87,Ormara,PK,2021-07-27 22:52:42,25.2088,64.6357,81.9,86,100,15.39
88,Sohag,EG,2021-07-27 22:52:42,26.557,31.6948,86.29,23,0,9.98
89,Lata,PT,2021-07-27 22:51:39,40.1629,-8.3327,62.92,98,3,2.71
90,Artur Nogueira,BR,2021-07-27 22:52:43,-22.5731,-47.1725,78.91,35,44,5.03
91,Cairns,AU,2021-07-27 22:49:48,-16.9167,145.7667,71.11,84,40,8.05
92,Yellowknife,CA,2021-07-27 22:52:44,62.456,-114.3525,61.32,47,75,1.99
93,Butaritari,KI,2021-07-27 22:52:44,3.0707,172.7902,81.61,70,98,1.88
94,Shimoda,JP,2021-07-27 22:52:45,34.6667,138.95,85.1,80,98,9.95
95,Katsuura,JP,2021-07-27 22:52:45,35.1333,140.3,82.51,82,100,18.07
96,Geraldton,AU,2021-07-27 22:52:45,-28.7667,114.6,62.13,94,90,0.0
97,Mirpur Sakro,PK,2021-07-27 22:52:46,24.5474,67.6277,84.42,80,100,20.4
98,Bredasdorp,ZA,2021-07-27 22:52:46,-34.5322,20.0403,56.52,72,100,12.66
99,Leopold,AU,2021-07-27 22:52:47,-38.1833,144.4667,58.66,67,40,21.0
100,Umm Lajj,SA,2021-07-27 22:52:47,25.0213,37.2685,87.08,67,82,8.16
101,Carnarvon,AU,2021-07-27 22:52:47,-24.8667,113.6333,57.27,54,100,4.61
102,Brenham,US,2021-07-27 22:52:48,30.1669,-96.3977,96.64,50,1,3.44
103,Barrow,US,2021-07-27 22:52:48,71.2906,-156.7887,42.82,84,90,17.27
104,Bengkulu,ID,2021-07-27 22:49:16,-3.8004,102.2655,72.81,74,40,5.32
105,Pisco,PE,2021-07-27 22:49:49,-13.7,-76.2167,66.25,77,0,18.41
106,Vaini,TO,2021-07-27 22:52:49,-21.2,-175.2,69.96,88,90,8.05
107,Sioux Lookout,CA,2021-07-27 22:52:49,50.1001,-91.917,79.18,41,40,3.44
108,Sao Joao Da Barra,BR,2021-07-27 22:52:50,-21.6403,-41.0511,72.46,86,2,20.94
109,Sisophon,KH,2021-07-27 22:52:50,13.5859,102.9737,76.26,90,100,7.58
110,Chuy,UY,2021-07-27 22:52:50,-33.6971,-53.4616,42.93,68,12,15.95
111,The Valley,AI,2021-07-27 22:52:51,18.217,-63.0578,84.34,70,40,12.66
112,Ilulissat,GL,2021-07-27 22:52:51,69.2167,-51.1,46.71,85,100,4.5
113,Shunyi,CN,2021-07-27 22:52:52,40.125,116.6453,77.85,100,0,2.24
114,Hilo,US,2021-07-27 22:52:52,19.7297,-155.09,80.33,83,90,9.22
115,Chokurdakh,RU,2021-07-27 22:52:52,70.6333,147.9167,40.51,70,100,11.23
116,Tautira,PF,2021-07-27 22:52:53,-17.7333,-149.15,82.42,73,87,10.94
117,Saldanha,ZA,2021-07-27 22:52:53,-33.0117,17.9442,55.45,76,100,8.08
118,Svetlaya,RU,2021-07-27 22:52:54,46.5389,138.3297,73.04,78,75,3.71
119,Mahebourg,MU,2021-07-27 22:52:54,-20.4081,57.7,68.25,100,75,19.57
120,Port Lincoln,AU,2021-07-27 22:52:55,-34.7333,135.8667,53.2,66,6,26.06
121,Ivdel,RU,2021-07-27 22:52:55,60.6911,60.4206,47.19,78,100,5.93
122,Wajir,KE,2021-07-27 22:52:55,1.7471,40.0573,72.9,64,55,17.49
123,Half Moon Bay,US,2021-07-27 22:52:56,37.4636,-122.4286,97.92,69,20,8.05
124,Betanzos,ES,2021-07-27 22:52:56,43.2804,-8.2147,65.32,89,75,1.01
125,Coihaique,CL,2021-07-27 22:52:56,-45.5752,-72.0662,39.15,75,0,0.0
126,Sorland,NO,2021-07-27 22:52:57,67.667,12.6934,55.27,87,5,10.76
127,Kerema,PG,2021-07-27 22:52:57,-7.9631,145.7785,78.6,86,96,7.25
128,Kodiak,US,2021-07-27 22:52:58,57.79,-152.4072,60.31,63,75,3.44
129,Cayenne,GF,2021-07-27 22:52:58,4.9333,-52.3333,81.09,86,75,4.0
130,Hami,CN,2021-07-27 22:49:31,42.8,93.45,84.43,19,2,6.67
131,Presidencia Roque Saenz Pena,AR,2021-07-27 22:52:58,-26.7852,-60.4388,47.68,23,0,5.68
132,Goderich,CA,2021-07-27 22:49:40,43.7501,-81.7165,73.2,73,20,10.36
133,Loa Janan,ID,2021-07-27 22:52:59,-0.583,117.095,75.16,93,99,2.68
134,Svetlogorsk,BY,2021-07-27 22:52:59,52.6333,29.7333,64.4,95,100,4.29
135,Macherla,IN,2021-07-27 22:53:00,16.4833,79.4333,80.04,67,72,17.52
136,Korla,CN,2021-07-27 22:53:00,41.7597,86.1469,85.05,18,5,13.69
137,Okahandja,NA,2021-07-27 22:53:01,-21.9833,16.9167,52.11,35,0,9.4
138,Saint George,US,2021-07-27 22:51:01,37.1041,-113.5841,96.8,28,1,1.01
139,Laguna,US,2021-07-27 22:53:01,38.421,-121.4238,103.05,21,20,3.0
140,Palu,ID,2021-07-27 22:53:02,-0.8917,119.8707,75.97,91,67,2.98
141,Muzhi,RU,2021-07-27 22:53:02,65.3667,64.6667,38.28,91,5,4.09
142,Pangnirtung,CA,2021-07-27 22:53:03,66.1451,-65.7125,46.4,100,90,0.0
143,Lubango,AO,2021-07-27 22:53:03,-14.9172,13.4925,54.81,40,42,3.36
144,Kaminskiy,RU,2021-07-27 22:53:03,57.1516,41.4732,57.42,91,65,3.78
145,Nantucket,US,2021-07-27 22:51:07,41.2835,-70.0995,80.96,71,1,6.91
146,Hobart,AU,2021-07-27 22:53:04,-42.8794,147.3294,55.26,81,40,5.01
147,Torbay,CA,2021-07-27 22:53:04,47.6666,-52.7314,66.97,98,90,17.27
148,Hailey,US,2021-07-27 22:53:05,43.5196,-114.3153,69.04,33,100,5.01
149,Ylojarvi,FI,2021-07-27 22:53:05,61.5563,23.5961,66.79,67,0,3.44
150,Inirida,CO,2021-07-27 22:53:05,3.8653,-67.9239,73.87,96,97,3.65
151,Hofn,IS,2021-07-27 22:53:06,64.2539,-15.2082,54.12,83,94,5.39
152,Nayudupeta,IN,2021-07-27 22:53:06,13.9,79.9,83.97,54,99,14.0
153,Gijon,ES,2021-07-27 22:53:06,43.5357,-5.6615,65.66,94,57,2.98
154,Mehamn,NO,2021-07-27 22:53:07,71.0357,27.8492,46.13,91,49,6.15
155,Los Llanos De Aridane,ES,2021-07-27 22:53:07,28.6585,-17.9182,69.55,93,90,17.27
156,Norman Wells,CA,2021-07-27 22:51:12,65.282,-126.8329,69.84,56,75,8.05
157,Jamestown,US,2021-07-27 22:51:43,42.097,-79.2353,77.29,64,90,12.66
158,Sobolevo,RU,2021-07-27 22:53:08,54.4299,31.8996,63.05,95,100,4.68
159,Hambantota,LK,2021-07-27 22:53:09,6.1241,81.1185,80.02,80,99,17.02
160,Asau,RO,2021-07-27 22:53:09,46.4333,26.4,70.95,75,43,5.55
161,Chardara,KZ,2021-07-27 22:53:10,41.2547,67.9692,75.83,28,0,17.05
162,Zhigansk,RU,2021-07-27 22:53:10,66.7697,123.3711,53.76,63,32,15.41
163,Sao Filipe,CV,2021-07-27 22:53:11,14.8961,-24.4956,74.64,81,16,5.3
164,Hun,LY,2021-07-27 22:53:11,29.1268,15.9477,78.73,47,0,10.2
165,Pitimbu,BR,2021-07-27 22:53:11,-7.4706,-34.8086,75.79,84,3,9.24
166,Ballina,AU,2021-07-27 22:53:12,-28.8667,153.5667,62.78,88,3,4.61
167,Praia Da Vitoria,PT,2021-07-27 22:53:12,38.7333,-27.0667,72.75,94,75,7.72
168,Puerto Del Rosario,ES,2021-07-27 22:53:12,28.5004,-13.8627,73.15,68,11,16.11
169,Souillac,MU,2021-07-27 22:53:13,-20.5167,57.5167,68.36,100,75,19.57
170,Domoni,KM,2021-07-27 22:53:13,-12.2569,44.5319,73.9,74,18,10.51
171,Vila Velha,BR,2021-07-27 22:53:14,-20.3297,-40.2925,77.97,71,0,10.36
172,Manokwari,ID,2021-07-27 22:49:16,-0.8667,134.0833,80.67,72,75,3.04
173,Kencong,ID,2021-07-27 22:53:14,-8.2833,113.3667,70.63,93,54,2.75
174,Sale,MA,2021-07-27 22:53:15,34.0389,-6.8166,74.08,94,75,4.61
175,Vanimo,PG,2021-07-27 22:53:15,-2.6741,141.3028,80.4,86,87,5.48
176,Rio Gallegos,AR,2021-07-27 22:53:15,-51.6226,-69.2181,42.85,87,90,9.22
177,Saint Helens,GB,2021-07-27 22:53:16,53.45,-2.7333,62.22,95,75,6.91
178,Te Anau,NZ,2021-07-27 22:50:06,-45.4167,167.7167,48.11,83,19,3.11
179,Byron Bay,AU,2021-07-27 22:49:17,-28.65,153.6167,68.05,65,4,13.69
180,Kidal,ML,2021-07-27 22:53:16,18.4411,1.4078,83.07,51,67,8.97
181,Churapcha,RU,2021-07-27 22:53:17,62.0025,132.4325,67.89,41,8,10.42
182,Nouadhibou,MR,2021-07-27 22:53:17,20.931,-17.0347,69.78,83,3,19.57
183,Sitka,US,2021-07-27 22:53:17,57.0531,-135.33,61.0,73,93,4.34
184,Nakhon Phanom,TH,2021-07-27 22:53:18,17.3333,104.4167,75.15,94,100,3.76
185,Jacmel,HT,2021-07-27 22:53:18,18.2342,-72.5347,81.7,82,83,5.46
186,Zyryanka,RU,2021-07-27 22:53:18,65.75,150.85,48.15,62,100,13.62
187,Isangel,VU,2021-07-27 22:53:19,-19.55,169.2667,75.31,69,40,3.44
188,Charkhi Dadri,IN,2021-07-27 22:53:19,28.6,76.2667,83.16,78,100,4.03
189,Ajdabiya,LY,2021-07-27 22:53:20,30.7554,20.2263,78.71,58,0,8.39
190,Vrangel,RU,2021-07-27 22:53:20,42.7297,133.0839,76.51,86,21,6.22
191,Necochea,AR,2021-07-27 22:53:21,-38.5473,-58.7368,45.03,66,59,23.42
192,Auki,SB,2021-07-27 22:53:21,-8.7676,160.7034,82.99,70,70,4.79
193,Bambous Virieux,MU,2021-07-27 22:53:21,-20.3428,57.7575,68.22,100,75,19.57
194,Henties Bay,NA,2021-07-27 22:53:22,-22.116,14.2845,57.85,84,0,7.27
195,Hualmay,PE,2021-07-27 22:53:22,-11.0964,-77.6139,65.16,82,36,11.07
196,Mar Del Plata,AR,2021-07-27 22:53:22,-38.0023,-57.5575,47.12,64,75,11.99
197,Thompson,CA,2021-07-27 22:53:23,55.7435,-97.8558,77.16,44,75,12.66
198,Buala,SB,2021-07-27 22:53:23,-8.145,159.5921,81.9,78,95,10.2
199,Yingcheng,CN,2021-07-27 22:53:24,30.95,113.55,80.65,88,10,12.75
200,Alekseyevka,RU,2021-07-27 22:53:24,50.6309,38.6903,68.25,55,30,1.88
201,Ryotsu,JP,2021-07-27 22:53:24,38.0833,138.4333,76.96,77,10,1.7
202,Luderitz,NA,2021-07-27 22:53:25,-26.6481,15.1594,55.8,74,0,9.8
203,Belmonte,BR,2021-07-27 22:53:25,-15.8631,-38.8828,73.9,84,14,9.6
204,Kununurra,AU,2021-07-27 22:53:26,-15.7667,128.7333,66.18,94,7,4.61
205,Grande Prairie,CA,2021-07-27 22:53:26,55.1667,-118.8027,75.38,25,20,18.41
206,Petropavlovsk-Kamchatskiy,RU,2021-07-27 22:53:26,53.0452,158.6483,72.19,64,0,13.42
207,Faanui,PF,2021-07-27 22:53:27,-16.4833,-151.75,78.15,74,25,7.72
208,Jacksonville,US,2021-07-27 22:53:27,30.3322,-81.6556,83.98,86,75,10.36
209,Ayan,RU,2021-07-27 22:53:27,56.45,138.1667,72.39,63,74,5.77
210,Tezu,IN,2021-07-27 22:53:28,27.9167,96.1667,78.62,78,99,2.86
211,Waddan,LY,2021-07-27 22:53:28,29.1614,16.139,78.06,51,0,14.36
212,Labrea,BR,2021-07-27 22:53:08,-7.2586,-64.7981,85.46,39,22,0.83
213,Faya,SA,2021-07-27 22:53:29,18.3851,42.4509,66.31,78,23,5.53
214,Luganville,VU,2021-07-27 22:53:29,-15.5333,167.1667,77.83,84,93,13.09
215,Katangli,RU,2021-07-27 22:53:29,51.7102,143.2326,65.12,95,100,3.36
216,Provideniya,RU,2021-07-27 22:53:30,64.3833,-173.3,50.11,87,90,15.66
217,Kudahuvadhoo,MV,2021-07-27 22:53:30,2.6708,72.8944,80.78,75,99,8.68
218,Yerbogachen,RU,2021-07-27 22:53:31,61.2767,108.0108,70.12,63,5,5.75
219,Aromashevo,RU,2021-07-27 22:53:31,56.8602,68.6375,50.97,95,40,4.41
220,Alghero,IT,2021-07-27 22:53:31,40.5589,8.3181,73.49,88,0,1.14
221,Himatnagar,IN,2021-07-27 22:53:32,23.6,72.95,77.81,87,100,13.87
222,Ippy,CF,2021-07-27 22:53:32,6.2679,21.2247,68.31,99,100,3.98
223,Vardo,NO,2021-07-27 22:53:32,70.3705,31.1107,43.0,88,86,12.91
224,Selcuk,TR,2021-07-27 22:53:33,37.9514,27.3685,85.41,55,0,5.77
225,Cap Malheureux,MU,2021-07-27 22:53:33,-19.9842,57.6142,68.47,90,71,5.99
226,Piracicaba,BR,2021-07-27 22:53:34,-22.7253,-47.6492,80.33,38,57,6.29
227,Axim,GH,2021-07-27 22:53:34,4.8699,-2.2405,75.83,82,99,8.3
228,Port Elizabeth,ZA,2021-07-27 22:53:34,-33.918,25.5701,59.29,88,0,12.66
229,Poso,ID,2021-07-27 22:53:35,-1.3959,120.7524,77.02,72,40,4.88
230,Grosseto,IT,2021-07-27 22:53:35,42.8333,11.25,78.67,88,40,2.3
231,Kaitangata,NZ,2021-07-27 22:53:36,-46.2817,169.8464,51.93,64,83,4.03
232,Morehead,US,2021-07-27 22:48:53,37.2711,-87.1764,92.14,54,1,6.91
233,Horadiz,AZ,2021-07-27 22:53:36,39.4488,47.3353,79.57,55,11,4.34
234,Xining,CN,2021-07-27 22:50:00,36.6167,101.7667,53.33,72,61,1.57
235,Akaltara,IN,2021-07-27 22:53:37,22.0167,82.4333,75.65,87,100,10.22
236,Eyl,SO,2021-07-27 22:52:09,7.9803,49.8164,79.56,51,98,26.31
237,Wynyard,AU,2021-07-27 22:53:37,-41.0,145.7167,52.95,84,99,19.19
238,Guiratinga,BR,2021-07-27 22:52:13,-16.3494,-53.7583,79.74,35,31,8.99
239,Lerwick,GB,2021-07-27 22:53:38,60.1545,-1.1494,55.4,91,49,4.85
240,Noumea,NC,2021-07-27 22:51:43,-22.2763,166.4572,73.0,99,49,12.97
241,Maun,BW,2021-07-27 22:53:38,-19.9833,23.4167,46.36,66,0,2.3
242,Viedma,AR,2021-07-27 22:53:39,-40.8135,-62.9967,44.78,68,94,20.87
243,Salinas,US,2021-07-27 22:53:39,36.6777,-121.6555,94.57,49,1,9.22
244,Agirish,RU,2021-07-27 22:53:39,61.9247,63.0231,43.29,85,99,6.06
245,Aklavik,CA,2021-07-27 22:53:40,68.2191,-135.0107,63.43,77,75,4.61
246,Sirvintos,LT,2021-07-27 22:53:40,55.05,24.95,67.73,95,96,4.07
247,Matara,LK,2021-07-27 22:53:41,5.9485,80.5353,78.62,89,99,10.76
248,Pingliang,CN,2021-07-27 22:53:41,35.5392,106.6861,69.58,58,99,0.94
249,Alice Springs,AU,2021-07-27 22:53:41,-23.7,133.8833,63.95,36,90,8.05
250,Balad,IQ,2021-07-27 22:53:42,34.0164,44.1453,98.17,19,0,17.76
251,Skagen,DK,2021-07-27 22:53:43,57.7209,10.5839,64.27,88,97,7.52
252,Taoudenni,ML,2021-07-27 22:53:43,22.6783,-3.9836,103.21,8,56,10.13
253,Sambava,MG,2021-07-27 22:53:43,-14.2667,50.1667,66.65,83,58,9.62
254,Alofi,NU,2021-07-27 22:53:44,-19.0595,-169.9187,80.49,74,75,5.75
255,Xichang,CN,2021-07-27 22:53:44,27.8964,102.2634,66.6,97,100,1.74
256,Moorhead,US,2021-07-27 22:53:44,46.8739,-96.7676,91.42,46,1,3.0
257,Grindavik,IS,2021-07-27 22:53:45,63.8424,-22.4338,53.91,93,0,12.66
258,Roma,US,2021-07-27 22:53:45,43.2128,-75.4557,70.86,92,100,2.57
259,San Antonio,US,2021-07-27 22:53:45,29.4241,-98.4936,98.37,44,1,8.05
260,Seddon,AU,2021-07-27 22:53:46,-37.8068,144.8916,59.29,74,40,7.0
261,Beyneu,KZ,2021-07-27 22:53:46,45.3167,55.2,79.47,21,99,9.84
262,Burnie,AU,2021-07-27 22:53:47,-41.0667,145.9167,52.92,84,100,23.02
263,Hasaki,JP,2021-07-27 22:53:47,35.7333,140.8333,79.29,83,76,16.53
264,Qui Nhon,VN,2021-07-27 22:51:02,13.7667,109.2333,83.77,71,99,13.8
265,Pula,HR,2021-07-27 22:53:40,44.8683,13.8481,74.26,78,0,8.05
266,Juxtlahuaca,MX,2021-07-27 22:53:48,17.4294,-99.1467,76.53,88,95,4.59
267,Villazon,BO,2021-07-27 22:53:48,-22.0866,-65.5942,45.81,13,0,10.47
268,Arman,RU,2021-07-27 22:53:49,59.7,150.1667,53.96,77,100,10.02
269,Cassilandia,BR,2021-07-27 22:53:49,-19.1133,-51.7342,80.4,34,91,8.05
270,San Policarpo,PH,2021-07-27 22:53:49,12.1791,125.5072,81.84,74,99,10.56
271,Pangkalanbuun,ID,2021-07-27 22:53:50,-2.6833,111.6167,74.17,95,99,2.24
272,Coahuayana,MX,2021-07-27 22:53:50,18.7333,-103.6833,86.07,72,64,6.08
273,Kutum,SD,2021-07-27 22:53:51,14.2,24.6667,70.32,79,92,10.65
274,Mount Gambier,AU,2021-07-27 22:53:51,-37.8333,140.7667,46.31,87,75,10.36
275,Bardiyah,LY,2021-07-27 22:53:51,31.7561,25.0865,78.17,67,0,6.06
276,Vallenar,CL,2021-07-27 22:53:52,-28.5708,-70.7581,57.18,50,0,1.86
277,Ponta Delgada,PT,2021-07-27 22:53:52,37.7333,-25.6667,68.72,83,20,25.32
278,San Luis,AR,2021-07-27 22:51:01,-33.295,-66.3356,42.62,33,100,8.75
279,Port Alfred,ZA,2021-07-27 22:53:53,-33.5906,26.891,63.45,73,12,14.18
280,Yulara,AU,2021-07-27 22:53:53,-25.2406,130.9889,58.84,55,90,0.0
281,Camalu,MX,2021-07-27 22:53:53,30.85,-116.0667,85.42,64,3,10.49
282,Seydi,TM,2021-07-27 22:53:54,39.4816,62.9137,80.55,19,0,13.6
283,Ostrovnoy,RU,2021-07-27 22:53:54,68.0531,39.5131,46.04,88,60,4.32
284,Lagunas,PE,2021-07-27 22:53:55,-5.2269,-75.6753,80.11,76,92,2.59
285,Birecik,TR,2021-07-27 22:53:55,37.0294,37.9903,83.41,33,0,27.09
286,Navolato,MX,2021-07-27 22:53:55,24.7672,-107.6944,95.63,59,74,13.94
287,Pacific Grove,US,2021-07-27 22:49:35,36.6177,-121.9166,94.15,76,1,3.0
288,Walvis Bay,NA,2021-07-27 22:53:56,-22.9575,14.5053,58.15,72,0,1.14
289,Najran,SA,2021-07-27 22:53:56,17.4924,44.1277,84.85,50,93,7.05
290,Curaca,BR,2021-07-27 22:53:57,-8.9903,-39.9094,79.36,55,79,15.95
291,Saskylakh,RU,2021-07-27 22:53:57,71.9167,114.0833,58.33,60,18,18.14
292,Dalvik,IS,2021-07-27 22:53:57,65.9702,-18.5286,49.93,99,100,4.72
293,Kloulklubed,PW,2021-07-27 22:53:58,7.0419,134.2556,82.9,73,88,9.57
294,Turhal,TR,2021-07-27 22:53:58,40.3875,36.0811,67.98,83,26,2.98
295,Sabang,ID,2021-07-27 22:53:59,5.8933,95.3214,82.99,76,44,20.0
296,East Hartford,US,2021-07-27 22:53:59,41.7823,-72.612,87.13,59,64,3.0
297,Redcar,GB,2021-07-27 22:53:59,54.6166,-1.06,62.46,74,90,9.19
298,Pedernales,DO,2021-07-27 22:54:00,18.0384,-71.744,83.61,72,63,4.59
299,Srandakan,ID,2021-07-27 22:54:00,-7.9386,110.2506,74.73,83,78,4.23
300,Bighapur,IN,2021-07-27 22:54:01,26.35,80.6833,77.05,90,91,10.56
301,Amapa,BR,2021-07-27 22:54:01,1.0,-52.0,72.64,96,11,1.39
302,Bathsheba,BB,2021-07-27 22:54:01,13.2167,-59.5167,83.01,69,20,17.27
303,Port Hardy,CA,2021-07-27 22:54:02,50.6996,-127.4199,60.98,77,20,4.61
304,Kirakira,SB,2021-07-27 22:54:02,-10.4544,161.9205,83.19,73,58,10.33
305,Abu Zabad,SD,2021-07-27 22:54:03,12.35,29.25,74.59,83,95,10.0
306,Marawi,PH,2021-07-27 22:54:03,7.9986,124.2928,69.66,79,100,6.33
307,Ugoofaaru,MV,2021-07-27 22:54:03,5.6667,73.0,82.31,76,51,14.03
308,San Felipe,VE,2021-07-27 22:52:09,10.3399,-68.7425,74.41,97,99,4.54
309,Muros,ES,2021-07-27 22:54:04,42.7762,-9.0603,65.08,79,3,8.81
310,Uige,AO,2021-07-27 22:50:07,-7.6087,15.0613,61.12,44,36,3.58
311,Beihai,CN,2021-07-27 22:54:05,21.4833,109.1,85.89,80,68,10.0
312,Cherskiy,RU,2021-07-27 22:51:35,68.75,161.3,38.21,78,100,18.52
313,Tolaga Bay,NZ,2021-07-27 22:54:05,-38.3667,178.3,55.85,58,20,6.93
314,Galle,LK,2021-07-27 22:51:00,6.0367,80.217,79.63,87,100,12.06
315,Tera,NE,2021-07-27 22:54:06,14.0078,0.7531,81.57,66,99,6.08
316,Suntar,RU,2021-07-27 22:54:06,62.1444,117.6319,72.63,58,39,3.31
317,Russell,US,2021-07-27 22:54:07,32.3502,-85.1999,78.03,88,1,0.0
318,Ndjole,GA,2021-07-27 22:54:07,-0.1783,10.7649,74.48,85,90,4.23
319,Milkovo,RU,2021-07-27 22:54:07,54.7167,158.6167,71.56,60,77,6.22
320,Yershov,RU,2021-07-27 22:54:08,51.3513,48.2766,63.39,63,10,5.1
321,Nome,US,2021-07-27 22:54:08,64.5011,-165.4064,51.17,93,90,14.97
322,Bagdarin,RU,2021-07-27 22:54:09,54.4333,113.6,62.47,69,90,3.67
323,Santa Maria,BR,2021-07-27 22:50:28,-29.6842,-53.8069,43.9,57,0,4.61
324,Ales,FR,2021-07-27 22:54:09,44.1333,4.0833,71.64,71,52,1.41
325,Zhanaozen,KZ,2021-07-27 22:54:09,43.3,52.8,76.64,29,92,23.98
326,Coquimbo,CL,2021-07-27 22:54:10,-29.9533,-71.3436,55.13,82,0,6.91
327,Port Blair,IN,2021-07-27 22:54:10,11.6667,92.75,81.72,84,97,18.79
328,Kudat,MY,2021-07-27 22:54:11,6.8837,116.8477,76.93,94,20,0.0
329,Naze,JP,2021-07-27 22:54:11,28.3667,129.4833,77.92,87,97,11.25
330,Antalaha,MG,2021-07-27 22:54:12,-14.9003,50.2788,65.37,88,5,7.49
331,San Quintin,MX,2021-07-27 22:54:12,30.4833,-115.95,75.36,68,1,13.78
332,Lago Da Pedra,BR,2021-07-27 22:54:13,-4.3333,-45.1667,79.72,54,13,4.41
333,Lovozero,RU,2021-07-27 22:54:13,68.005,35.0117,58.57,58,100,4.21
334,Camana,PE,2021-07-27 22:54:13,-16.6228,-72.7111,60.48,85,63,9.6
335,Porterville,US,2021-07-27 22:54:14,36.0652,-119.0168,106.52,28,1,9.22
336,Storsteinnes,NO,2021-07-27 22:54:14,69.2408,19.2344,54.25,87,4,1.83
337,Yar-Sale,RU,2021-07-27 22:54:15,66.8333,70.8333,47.39,68,99,8.59
338,Eganville,CA,2021-07-27 22:54:15,45.5334,-77.0994,65.35,91,43,3.36
339,Maniitsoq,GL,2021-07-27 22:54:15,65.4167,-52.9,48.88,80,97,16.31
340,Pelym,RU,2021-07-27 22:54:16,61.0108,61.9978,46.6,80,89,6.04
341,Sergeyevka,KZ,2021-07-27 22:54:16,53.88,67.4158,53.73,79,39,7.85
342,Wajima,JP,2021-07-27 22:54:16,37.4,136.9,79.63,80,10,4.23
343,Ahipara,NZ,2021-07-27 22:54:17,-35.1667,173.1667,58.96,82,44,7.92
344,Shahdadkot,PK,2021-07-27 22:54:17,27.8477,67.9055,91.22,55,99,4.0
345,Zambezi,ZM,2021-07-27 22:54:18,-13.5432,23.1047,51.6,45,73,5.97
346,Padre Paraiso,BR,2021-07-27 22:54:18,-17.0742,-41.4844,64.33,52,16,1.5
347,Odienne,CI,2021-07-27 22:54:18,9.51,-7.5692,72.39,96,100,4.12
348,Metro,ID,2021-07-27 22:54:19,-5.1131,105.3067,69.21,86,22,4.41
349,Channel-Port Aux Basques,CA,2021-07-27 22:54:19,47.5702,-59.1367,62.55,99,87,9.1
350,Weinan,CN,2021-07-27 22:54:19,34.5036,109.5089,74.89,54,100,2.57
351,Pafos,CY,2021-07-27 22:54:18,34.7667,32.4167,82.31,65,0,9.22
352,Cabo San Lucas,MX,2021-07-27 22:53:31,22.8909,-109.9124,97.61,67,46,11.83
353,Giyani,ZA,2021-07-27 22:54:20,-23.3025,30.7187,54.66,57,0,3.56
354,Catio,GW,2021-07-27 22:54:20,11.2833,-15.25,79.12,85,100,6.73
355,Korcula,HR,2021-07-27 22:54:21,42.9622,17.1369,77.56,62,24,7.16
356,Lulea,SE,2021-07-27 22:54:21,65.5842,22.1547,62.67,94,96,2.3
357,Ambulu,ID,2021-07-27 22:54:22,-8.345,113.6058,70.16,91,38,3.89
358,Gannan,CN,2021-07-27 22:54:22,47.9147,123.5031,70.95,82,47,5.57
359,Bud,US,2021-07-27 22:54:22,39.447,-86.1758,88.05,58,0,0.89
360,Gamba,GA,2021-07-27 22:54:23,-2.65,10.0,72.05,90,88,5.84
361,Kahului,US,2021-07-27 22:54:23,20.8947,-156.47,87.06,85,58,11.01
362,Kamenka,RU,2021-07-27 22:54:24,51.3223,42.7678,62.49,78,5,5.41
363,Danville,US,2021-07-27 22:51:13,36.586,-79.395,91.2,64,1,0.0
364,Yeysk,RU,2021-07-27 22:54:24,46.6989,38.2792,71.64,57,45,6.17
365,Kirundo,BI,2021-07-27 22:54:25,-2.5833,30.1667,65.17,54,13,3.69
366,Narsaq,GL,2021-07-27 22:54:25,60.9167,-46.05,47.61,70,60,4.36
367,Tome,CL,2021-07-27 22:54:25,-36.6167,-72.95,52.41,63,0,4.41
368,Savannah Bight,HN,2021-07-27 22:54:26,16.45,-85.85,86.05,76,6,21.7
369,Liverpool,GB,2021-07-27 22:53:59,53.4106,-2.9779,62.67,82,75,3.0
370,Vittorio Veneto,IT,2021-07-27 22:54:26,45.9767,12.3033,69.46,89,80,6.22
371,Aykhal,RU,2021-07-27 22:54:27,66.0,111.5,79.34,42,20,3.24
372,Aloleng,PH,2021-07-27 22:54:27,16.1307,119.7824,82.2,84,100,19.04
373,Ekhabi,RU,2021-07-27 22:54:27,53.5102,142.9671,71.08,84,98,3.69
374,Vao,NC,2021-07-27 22:54:28,-22.6667,167.4833,67.84,61,100,17.05
375,Saint Anthony,US,2021-07-27 22:54:28,45.0205,-93.218,96.19,56,40,1.99
376,Hay River,CA,2021-07-27 22:54:29,60.8156,-115.7999,62.58,51,75,4.61
377,Abu Kamal,SY,2021-07-27 22:54:29,34.4506,40.9171,91.62,22,0,18.97
378,Kannur,IN,2021-07-27 22:54:29,11.8675,75.3576,76.3,90,99,7.47
379,Padrauna,IN,2021-07-27 22:54:30,26.9025,83.9819,78.42,96,100,8.99
380,Chuzhou,CN,2021-07-27 22:54:30,32.3219,118.2978,76.28,98,100,12.24
381,College,US,2021-07-27 22:54:30,64.8569,-147.8028,66.52,67,90,1.01
382,Nizwa,OM,2021-07-27 22:54:31,22.9333,57.5333,93.49,36,100,5.19
383,Beian,NO,2021-07-27 22:54:31,63.6559,9.5683,71.69,60,0,12.66
384,Carutapera,BR,2021-07-27 22:54:32,-1.195,-46.02,77.32,82,15,7.81
385,Malartic,CA,2021-07-27 22:54:32,48.1335,-78.1328,69.62,60,88,6.76
386,Khasan,RU,2021-07-27 22:54:32,42.4308,130.6434,76.37,77,70,1.86
387,Guataqui,CO,2021-07-27 22:54:33,4.5157,-74.7894,79.7,72,31,2.89
388,Fayetteville,US,2021-07-27 22:53:48,35.0527,-78.8784,94.03,67,1,1.01
389,Banff,CA,2021-07-27 22:54:33,51.1762,-115.5698,83.73,18,46,9.22
390,Peace River,CA,2021-07-27 22:54:34,56.2501,-117.286,75.51,38,40,13.8
391,Lorengau,PG,2021-07-27 22:54:34,-2.0226,147.2712,84.65,71,7,6.24
392,Jalu,LY,2021-07-27 22:54:34,29.0331,21.5482,83.59,29,0,7.81
393,Itaqui,BR,2021-07-27 22:54:35,-29.1253,-56.5531,44.13,53,0,7.09
394,Dingle,PH,2021-07-27 22:54:35,10.9995,122.6711,80.46,84,100,10.4
395,Pundaguitan,PH,2021-07-27 22:54:35,6.3711,126.1689,84.09,76,67,16.69
396,Namibe,AO,2021-07-27 22:54:36,-15.1961,12.1522,65.52,82,57,1.03
397,Isiro,CD,2021-07-27 22:54:36,2.7739,27.616,64.85,99,99,1.74
398,Kalaikunda,IN,2021-07-27 22:54:37,22.35,87.25,78.12,90,100,11.79
399,Stornoway,GB,2021-07-27 22:54:37,58.2093,-6.3865,60.93,94,90,8.05
400,Kupino,RU,2021-07-27 22:54:38,54.3663,77.2981,56.59,65,88,5.44
401,Mandera,KE,2021-07-27 22:54:38,3.9366,41.867,77.09,59,99,19.71
402,Non Sang,TH,2021-07-27 22:54:38,16.8687,102.5664,78.91,85,100,4.0
403,Beringovskiy,RU,2021-07-27 22:52:18,63.05,179.3167,49.26,95,100,5.61
404,Turayf,SA,2021-07-27 22:54:39,31.6725,38.6637,79.05,53,0,10.36
405,Martapura,ID,2021-07-27 22:54:39,-3.4167,114.85,75.29,88,56,0.0
406,Warrnambool,AU,2021-07-27 22:54:40,-38.3833,142.4833,53.82,76,35,24.14
407,Tabas,IR,2021-07-27 22:54:40,33.5959,56.9244,82.69,17,34,6.69
408,Tuensang,IN,2021-07-27 22:54:41,26.2833,94.8333,70.83,98,98,3.67
409,Strathroy,CA,2021-07-27 22:54:41,42.9551,-81.6223,78.76,82,75,8.88
410,Vieques,PR,2021-07-27 22:54:42,18.425,-65.8329,84.22,70,75,13.8
411,Merauke,ID,2021-07-27 22:54:42,-8.4667,140.3333,78.69,83,85,11.65
412,Igrim,RU,2021-07-27 22:54:42,63.1906,64.4162,41.4,81,19,5.37
413,Araguaina,BR,2021-07-27 22:54:43,-7.1911,-48.2072,79.84,35,1,3.53
414,Deputatskiy,RU,2021-07-27 22:54:43,69.3,139.9,39.31,81,94,4.34
415,Asfi,MA,2021-07-27 22:54:43,32.2994,-9.2372,69.13,94,2,14.27
416,Kempsey,AU,2021-07-27 22:54:44,-31.0833,152.8333,58.71,45,5,4.72
417,Fortuna,US,2021-07-27 22:54:44,40.5982,-124.1573,85.19,95,1,0.0
418,Camara De Lobos,PT,2021-07-27 22:54:45,32.6333,-16.9667,74.01,84,20,13.8
419,Braco Do Norte,BR,2021-07-27 22:54:45,-28.275,-49.1656,56.26,96,82,2.04
420,Pingxiang,CN,2021-07-27 22:54:45,27.6167,113.85,77.59,95,26,4.23
421,Baryshivka,UA,2021-07-27 22:54:46,50.361,31.3217,78.01,75,88,7.43
422,George Town,MY,2021-07-27 22:54:46,5.4112,100.3354,82.89,87,20,1.99
423,Quatre Cocos,MU,2021-07-27 22:49:48,-20.2078,57.7625,68.09,87,95,15.46
424,Tupancireta,BR,2021-07-27 22:54:47,-29.0806,-53.8358,38.35,61,2,7.56
425,Tuatapere,NZ,2021-07-27 22:54:47,-46.1333,167.6833,50.83,79,7,2.93
426,Yuanping,CN,2021-07-27 22:54:48,38.7153,112.7575,70.0,82,100,2.46
427,Okha,RU,2021-07-27 22:54:48,53.5739,142.9478,69.55,85,97,3.96
428,Haines Junction,CA,2021-07-27 22:54:48,60.7522,-137.5108,62.55,63,87,4.61
429,Johnstown,US,2021-07-27 22:52:49,40.3267,-78.922,87.1,51,1,9.22
430,Magadan,RU,2021-07-27 22:54:49,59.5667,150.8,54.41,79,99,8.28
431,Scottsbluff,US,2021-07-27 22:52:22,41.8666,-103.6672,100.78,18,1,5.99
432,Omsukchan,RU,2021-07-27 22:54:50,62.5333,155.8,44.82,67,99,9.51
433,Novyy Urengoy,RU,2021-07-27 22:54:50,66.0833,76.6333,45.5,77,0,4.27
434,Karasjok,NO,2021-07-27 22:54:50,69.4719,25.5112,46.51,94,44,6.85
435,Cururupu,BR,2021-07-27 22:54:51,-1.8283,-44.8683,76.41,84,47,4.16
436,Micheweni,TZ,2021-07-27 22:54:51,-4.9667,39.8333,75.22,79,4,16.26
437,Tilichiki,RU,2021-07-27 22:54:51,60.4667,166.1,58.59,63,71,15.52
438,Imeni Poliny Osipenko,RU,2021-07-27 22:54:52,52.4201,136.4853,72.09,81,97,3.49
439,Alyangula,AU,2021-07-27 22:54:52,-13.8483,136.4192,64.27,100,40,1.14
440,Ribeira Grande,PT,2021-07-27 22:54:53,38.5167,-28.7,72.32,83,73,10.94
441,Wau,SS,2021-07-27 22:54:53,7.7029,27.9953,68.02,96,71,3.74
442,Ayagoz,KZ,2021-07-27 22:54:53,47.9714,80.4392,53.42,73,0,7.4
443,Shizilu,CN,2021-07-27 22:54:54,35.1711,118.8289,75.52,91,100,19.35
444,Khudumelapye,BW,2021-07-27 22:54:54,-23.8833,24.75,44.98,44,0,5.35
445,Parnarama,BR,2021-07-27 22:54:54,-5.6817,-43.0933,82.17,40,37,0.89
446,Agutaya,PH,2021-07-27 22:54:55,11.148,120.9417,83.48,79,100,18.59
447,Ahome,MX,2021-07-27 22:54:55,25.9167,-109.1833,99.14,59,23,5.99
448,Portland,US,2021-07-27 22:50:27,45.5234,-122.6762,92.44,40,40,1.99
449,Tygda,RU,2021-07-27 22:54:56,53.1167,126.3333,65.86,99,100,4.41
450,Correderos,HN,2021-07-27 22:54:56,15.4167,-88.45,82.65,89,89,4.59
451,Ancud,CL,2021-07-27 22:54:57,-41.8697,-73.8203,47.73,81,97,2.82
452,De Aar,ZA,2021-07-27 22:54:57,-30.6497,24.0123,46.08,44,2,7.99
453,Pec,XK,2021-07-27 22:54:57,42.6591,20.2883,73.69,45,12,4.12
454,Port Augusta,AU,2021-07-27 22:54:58,-32.5,137.7667,56.71,74,11,8.03
455,Olafsvik,IS,2021-07-27 22:54:58,64.8945,-23.7142,51.78,86,100,12.95
456,Murovane,UA,2021-07-27 22:54:58,49.5214,22.9367,63.72,83,40,2.8
457,Teguldet,RU,2021-07-27 22:54:59,57.3064,88.1667,50.85,91,29,0.13
458,Tura,IN,2021-07-27 22:54:59,25.5198,90.2201,74.12,96,99,3.53
459,Ranfurly,NZ,2021-07-27 22:55:00,-45.1333,170.1,45.64,80,11,4.18
460,Jonkoping,SE,2021-07-27 22:55:00,57.7814,14.1562,60.39,100,97,3.44
461,Mayo,US,2021-07-27 22:55:00,38.8876,-76.5119,94.1,63,0,5.01
462,Verkhnyaya Inta,RU,2021-07-27 22:55:01,65.9811,60.3094,42.39,91,100,2.33
463,Grand Baie,MU,2021-07-27 22:55:01,-20.0182,57.5802,69.46,90,68,8.99
464,Konstantinovka,RU,2021-07-27 22:55:02,49.6167,127.9833,73.56,90,99,8.39
465,Mosetse,BW,2021-07-27 22:55:04,-20.75,26.65,51.08,48,0,12.01
466,Tecoanapa,MX,2021-07-27 22:53:54,16.5167,-98.75,85.73,65,74,7.61
467,Macau,MO,2021-07-27 22:55:05,22.2006,113.5461,87.71,84,20,5.75
468,Berezniki,RU,2021-07-27 22:55:05,59.4152,56.8124,49.84,92,100,6.46
469,Chumikan,RU,2021-07-27 22:55:06,54.7183,135.315,70.86,62,100,7.54
470,Elizabeth City,US,2021-07-27 22:55:06,36.2946,-76.2511,88.0,73,100,9.19
471,Pedro Ii,BR,2021-07-27 22:55:06,-4.4247,-41.4586,77.27,48,63,4.41
472,Porto Novo,BJ,2021-07-27 22:54:18,6.4965,2.6036,76.82,79,100,8.28
473,Vinkovci,HR,2021-07-27 22:55:07,45.2883,18.8047,76.24,88,0,4.61
474,La Ronge,CA,2021-07-27 22:55:07,55.1001,-105.2842,77.22,50,20,5.75
475,Jiayuguan,CN,2021-07-27 22:55:08,39.8167,98.3,72.01,28,27,2.95
476,Aswan,EG,2021-07-27 22:55:08,24.0934,32.907,90.7,20,0,11.5
477,Eydhafushi,MV,2021-07-27 22:55:08,5.1033,73.0708,81.81,77,67,13.65
478,Anadyr,RU,2021-07-27 22:55:09,64.75,177.4833,50.5,93,90,15.01
479,Hegang,CN,2021-07-27 22:55:09,47.4,130.3667,81.81,63,6,3.83
480,Abha,SA,2021-07-27 22:55:09,18.2164,42.5053,66.02,82,0,5.75
481,Langenburg,DE,2021-07-27 22:55:10,49.2544,9.8458,68.61,80,90,6.91
482,Porosozero,RU,2021-07-27 22:55:10,62.7191,32.727,55.54,90,7,4.61
483,Verkhnetulomskiy,RU,2021-07-27 22:55:10,68.6073,31.7962,53.73,88,31,1.5
484,Santiago Del Estero,AR,2021-07-27 22:55:11,-27.7951,-64.2615,48.81,34,0,5.3
485,Ninghai,CN,2021-07-27 22:55:11,29.2892,121.4247,80.73,95,100,10.18
486,Koroni,GR,2021-07-27 22:55:12,36.8,21.95,81.07,66,0,3.83
487,Baruun-Urt,MN,2021-07-27 22:55:12,46.6806,113.2792,67.19,56,60,2.39
488,Bereda,ES,2021-07-27 22:55:13,43.2686,-7.5406,61.92,99,19,2.84
489,Quballat,TN,2021-07-27 22:55:13,36.5418,9.6633,79.02,37,2,10.76
490,Pochutla,MX,2021-07-27 22:55:13,15.7432,-96.4661,85.82,70,99,4.05
491,Hirara,JP,2021-07-27 22:55:14,24.8,125.2833,80.87,100,75,8.05
492,Mogocha,RU,2021-07-27 22:55:14,53.7333,119.7667,59.22,98,100,2.44
493,Gwadar,PK,2021-07-27 22:55:14,25.1216,62.3254,82.2,88,100,6.06
494,Port Hawkesbury,CA,2021-07-27 22:55:15,45.6169,-61.3485,71.78,89,1,1.01
495,Black Diamond,US,2021-07-27 22:55:16,47.3087,-122.0032,86.25,47,3,1.01
496,Asyut,EG,2021-07-27 22:55:16,27.181,31.1837,82.58,26,0,9.26
497,Mungwi,ZM,2021-07-27 22:55:16,-10.1732,31.3694,47.64,71,72,4.21
498,Albion,US,2021-07-27 22:55:17,42.2431,-84.753,84.33,59,1,6.91
499,Kovdor,RU,2021-07-27 22:55:17,67.5662,30.4758,55.85,95,100,4.5
500,Enumclaw,US,2021-07-27 22:55:18,47.2043,-121.9915,85.8,47,4,1.01
501,Nabire,ID,2021-07-27 22:55:18,-3.3667,135.4833,79.38,81,100,2.66
502,Atambua,ID,2021-07-27 22:55:18,-9.1061,124.8925,72.39,73,70,5.06
503,Gat,IL,2021-07-27 22:55:19,31.61,34.7642,79.48,76,0,1.01
504,Havoysund,NO,2021-07-27 22:55:19,70.9963,24.6622,45.48,92,28,6.38
505,Shingu,JP,2021-07-27 22:55:19,33.7333,135.9833,83.39,62,95,2.39
506,Flinders,AU,2021-07-27 22:55:20,-34.5833,150.8552,61.38,47,79,9.91
507,Kalmunai,LK,2021-07-27 22:55:20,7.4167,81.8167,80.98,71,99,5.03
508,Komsomolskiy,UZ,2021-07-27 22:55:21,40.4272,71.7189,81.32,39,2,2.3
509,Mocuba,MZ,2021-07-27 22:55:21,-16.8392,36.9856,58.8,97,33,3.65
510,Tecoh,MX,2021-07-27 22:55:21,20.75,-89.4667,82.96,64,91,9.6
511,Laguna De Perlas,NI,2021-07-27 22:55:22,12.3429,-83.6712,77.09,88,100,6.33
512,Kshenskiy,RU,2021-07-27 22:55:22,51.8408,37.7136,65.88,62,24,5.75
513,Sakata,JP,2021-07-27 22:55:22,38.9167,139.855,73.58,94,75,4.61
514,Cockburn Town,TC,2021-07-27 22:55:23,21.4612,-71.1419,82.36,69,40,11.5
515,Salinopolis,BR,2021-07-27 22:52:45,-0.6136,-47.3561,79.2,80,17,10.4
516,Lavrentiya,RU,2021-07-27 22:55:23,65.5833,-171.0,44.33,99,100,9.66
517,Banda Aceh,ID,2021-07-27 22:55:24,5.5577,95.3222,79.77,81,33,12.62
518,Fairbanks,US,2021-07-27 22:55:24,64.8378,-147.7164,66.54,66,90,1.01
519,Dhidhdhoo,MV,2021-07-27 22:51:09,6.8833,73.1,81.75,78,85,15.26
520,Iraan,US,2021-07-27 22:55:25,30.914,-101.8979,100.96,10,72,4.0
521,Pasni,PK,2021-07-27 22:55:25,25.2631,63.471,81.45,88,100,8.46
522,Sarakhs,IR,2021-07-27 22:55:26,36.5449,61.1577,77.14,29,0,2.3
523,Chaman,PK,2021-07-27 22:55:26,30.9236,66.4512,86.23,17,91,8.84
524,Inhambane,MZ,2021-07-27 22:55:26,-23.865,35.3833,64.54,64,0,7.49
525,Bandarbeyla,SO,2021-07-27 22:55:27,9.4942,50.8122,80.33,64,13,26.46
526,Xai-Xai,MZ,2021-07-27 22:55:27,-25.0519,33.6442,59.54,82,0,9.44
527,Tongliao,CN,2021-07-27 22:55:28,43.6125,122.2653,75.38,78,100,2.73
528,Taltal,CL,2021-07-27 22:55:28,-25.4,-70.4833,56.93,79,10,3.76
529,Vestmannaeyjar,IS,2021-07-27 22:55:28,63.4427,-20.2734,53.35,85,37,10.8
530,Caceres,ES,2021-07-27 22:55:29,39.522,-6.3748,74.8,44,0,7.34
531,Biak,ID,2021-07-27 22:55:29,-0.9131,122.8766,76.86,80,85,7.43
532,Bilibino,RU,2021-07-27 22:55:30,68.0546,166.4372,41.36,85,100,1.14
533,Chiredzi,ZW,2021-07-27 22:55:30,-21.05,31.6667,54.03,74,0,4.41
534,Santa Apolonia,GT,2021-07-27 22:55:30,14.7914,-90.9708,72.72,60,41,5.01
535,Jaguaribe,BR,2021-07-27 22:55:31,-5.8906,-38.6219,80.94,48,8,9.1
536,High Level,CA,2021-07-27 22:55:31,58.5169,-117.136,69.91,49,40,9.22
537,Skjervoy,NO,2021-07-27 22:55:31,70.0311,20.9714,48.2,93,80,1.99
538,Saint-Joseph,RE,2021-07-27 22:55:32,-21.3667,55.6167,66.58,83,35,14.0
539,Alanya,TR,2021-07-27 22:55:32,36.5438,31.9998,84.25,46,0,10.36
540,Ciudad Bolivar,VE,2021-07-27 22:55:33,8.1222,-63.5497,79.99,78,87,8.88
541,Vicuna,CL,2021-07-27 22:55:33,-30.0319,-70.7081,47.93,16,0,1.48
542,Matagami,CA,2021-07-27 22:55:33,49.7502,-77.6328,66.31,45,75,5.75
543,Gilgit,PK,2021-07-27 22:55:34,35.9221,74.3087,88.25,50,31,2.86
544,Zhangjiakou,CN,2021-07-27 22:55:34,40.81,114.8794,71.42,81,97,1.01
545,Camacha,PT,2021-07-27 22:55:35,33.0833,-16.3333,70.54,68,75,14.97
546,Yenagoa,NG,2021-07-27 22:55:35,4.9247,6.2642,73.63,86,99,3.74
547,Puerto Colombia,CO,2021-07-27 22:55:35,10.9878,-74.9547,75.29,82,80,5.61
548,Tromso,NO,2021-07-27 22:55:36,69.6496,18.957,54.25,93,90,16.11
549,Urucui,BR,2021-07-27 22:55:36,-7.2294,-44.5561,82.17,36,16,4.03
550,Salalah,OM,2021-07-27 22:55:36,17.0151,54.0924,77.27,91,98,10.89
551,Egvekinot,RU,2021-07-27 22:55:37,66.3167,-179.1667,40.78,90,100,9.82
552,Havre-Saint-Pierre,CA,2021-07-27 22:55:37,50.2334,-63.5986,62.96,82,1,16.11
553,Saint-Augustin,CA,2021-07-27 22:55:38,51.226,-58.6502,60.91,96,99,7.56
554,Nenjiang,CN,2021-07-27 22:55:38,49.1833,125.2167,70.48,90,74,4.85
555,Ondangwa,NA,2021-07-27 22:55:38,-17.9167,15.95,53.6,43,0,4.61
556,Semey,KZ,2021-07-27 22:55:39,50.4111,80.2275,52.02,71,0,2.24
557,Palmer,US,2021-07-27 22:55:39,42.1584,-72.3287,86.07,70,75,20.71
558,Constitucion,CL,2021-07-27 22:55:40,-35.3333,-72.4167,48.02,73,0,7.16
559,Mana,GF,2021-07-27 22:55:40,5.6592,-53.7767,79.25,81,53,9.71
560,Sibolga,ID,2021-07-27 22:55:40,1.7427,98.7792,75.88,91,36,3.15
561,Guiglo,CI,2021-07-27 22:55:41,6.5456,-7.4966,71.28,98,100,3.24
562,Raudeberg,NO,2021-07-27 22:55:41,61.9875,5.1352,63.19,96,100,9.66
563,Pathein,MM,2021-07-27 22:55:41,16.7833,94.7333,78.91,92,100,8.88
564,Ola,RU,2021-07-27 22:55:42,59.5833,151.2833,54.72,74,97,11.34
565,Pacifica,US,2021-07-27 22:55:42,37.6138,-122.4869,97.56,74,40,1.99
566,Porbandar,IN,2021-07-27 22:55:43,21.6422,69.6093,81.84,85,100,23.09
567,Sayat,TM,2021-07-27 22:55:43,38.7839,63.8803,84.07,18,0,21.79
568,Saint-Pierre,RE,2021-07-27 22:55:43,-21.3393,55.4781,67.68,83,75,16.11
569,Nyurba,RU,2021-07-27 22:55:44,63.2842,118.3319,71.64,61,14,3.0
570,Lamu,KE,2021-07-27 22:55:44,-2.2717,40.902,75.42,82,23,20.67
571,Teluk Nibung,ID,2021-07-27 22:55:44,3.001,99.8164,74.3,94,87,4.45
572,Olinda,BR,2021-07-27 22:55:45,-8.0089,-34.8553,76.73,73,40,9.22
573,Margate,GB,2021-07-27 22:55:45,51.3813,1.3862,63.3,86,22,3.0
574,Adrar,MR,2021-07-27 22:55:46,20.5022,-10.0711,90.99,23,100,12.84
575,Avrille,FR,2021-07-27 22:55:46,47.5,-0.5833,61.34,96,49,8.81
576,Codajas,BR,2021-07-27 22:53:14,-3.8367,-62.0569,82.71,54,47,1.41
577,Yeppoon,AU,2021-07-27 22:55:47,-23.1333,150.7333,58.78,70,94,0.36
578,Ventspils,LV,2021-07-27 22:55:47,57.3894,21.5606,64.33,100,40,4.61
579,Kismayo,SO,2021-07-27 22:55:47,-0.3582,42.5454,75.76,81,78,20.2
580,Karratha,AU,2021-07-27 22:55:48,-20.7377,116.8463,68.07,71,6,5.68
581,Shagonar,RU,2021-07-27 22:55:48,51.5333,92.8,60.8,93,100,5.5
582,Iqaluit,CA,2021-07-27 22:55:48,63.7506,-68.5145,53.33,54,90,15.01
583,Mitsamiouli,KM,2021-07-27 22:55:49,-11.3847,43.2844,75.54,71,12,5.39
584,Dwarka,IN,2021-07-27 22:53:09,22.2394,68.9678,82.17,85,100,25.75
